	healthy_sample_0	healthy_sample_1	healthy_sample_2	healthy_sample_3	healthy_sample_4	unhealthy_sample_0	unhealthy_sample_1	unhealthy_sample_2	unhealthy_sample_3	unhealthy_sample_4
0	0.04456018036046518	0.041598709267030555	0.04014096453428854	0.039182657558716937	0.04313091158273613	0.010943202491337433	0.015370550353500137	0.018159853179820423	0.017323509438009605	0.012369573185361115
1	0.08971097910325301	0.0963837076263732	0.08990840586964809	0.07598821918171904	0.07492714309522464	0.8093471705967074	0.8139513588242314	0.8158103671030554	0.8314637910263747	0.8563630078260992
2	0.23016120863033618	0.2388545961305486	0.23039118405752368	0.2242410476095604	0.2514114611883947	0.028922390519681415	0.03997173701701176	0.03427528670996939	0.038417436725131406	0.02935732775559229
3	0.6355676319059457	0.6231629869760477	0.6395594455385397	0.6605880756500037	0.6305304841336445	0.1507872363922737	0.13070635380525675	0.13175449300715467	0.11279526281048435	0.10191009123294749
