	healthy_sample_0	healthy_sample_1	healthy_sample_2	healthy_sample_3	healthy_sample_4	unhealthy_sample_0	unhealthy_sample_1	unhealthy_sample_2	unhealthy_sample_3	unhealthy_sample_4
0	0.0427107861482375	0.04714047083786968	0.04072428554952343	0.04216980427771685	0.042650913125198156	0.015057690287165743	0.013288379036594616	0.019416851863373837	0.01159201370645658	0.012768602243435371
1	0.09293242951015332	0.0818821706835048	0.10101638321102291	0.09235762135523674	0.09511048098255935	0.7970206473245761	0.8379647669720367	0.8212311630688862	0.7906825586859975	0.8336580086548385
2	0.23119030438525703	0.2402249837587832	0.22484345257564173	0.2159964516248936	0.2240964352719542	0.03507334796768659	0.032024106522756404	0.03646637799188032	0.03363128898730316	0.03513814064230549
3	0.6331664799563521	0.6307523747198424	0.633415878663812	0.6494761227421528	0.6381421706202883	0.15284831442057148	0.11672274746861236	0.12288560707585942	0.16409413862024277	0.11843524845942056
