	healthy_sample_0	healthy_sample_1	healthy_sample_2	healthy_sample_3	healthy_sample_4	unhealthy_sample_0	unhealthy_sample_1	unhealthy_sample_2	unhealthy_sample_3	unhealthy_sample_4
0	0.0468181744464841	0.04573004669882832	0.04233552178048153	0.042111183541037094	0.03931595582490373	0.01708830797823552	0.015135744459633158	0.01562761382478218	0.024554858423569255	0.009210535161683103
1	0.09120991609892419	0.08904768446791211	0.09671856613239202	0.09543410390984776	0.0910142378934612	0.8273551188177791	0.8153602390861333	0.8361037777215302	0.8266223301792622	0.8418601876345311
2	0.2156986849083476	0.23323785395434204	0.2104791296358959	0.2423750781316721	0.21984517806576506	0.034502779564732286	0.033965238882031644	0.03235595851402189	0.03562431720747885	0.03503779875060245
3	0.646273224546244	0.6319844148789175	0.6504667824512305	0.620079634417443	0.6498246282158701	0.12105379363925316	0.13553877757220195	0.11591264993966562	0.1131984941896895	0.11389147845318352
